<restaurant>
  <menu>
    <category name="Sushi">
      <item name="Nigirizushi" price="9">
        <ingredients>Sushi Rice, Fish or Seafood, Wasabi, Soy Sauce.</ingredients>
      </item>
      <item name="Makizushi" price="7.95">
        <ingredients>Sushi Rice, Nori, Fillings, Wasabi.</ingredients>
      </item>
      <item name="Shrimp Tempura Roll" price="10">
        <ingredients>Sushi Rice, Nori, Shrimp Tempura, Fillings, Spicy Mayo or Eel Sauce.</ingredients>
      </item>
      <item name="Sashimi" price="8">
        <ingredients>Create a sashimi roll by thinly slicing fresh fish of your choice.Lay a sheet of nori on a bamboo mat, spread sushi rice, and arrange the sashimi slices in the center. Roll tightly, slice, and serve with soy sauce, wasabi, and pickled ginger.</ingredients>
      </item>
    </category>
    <category name="Ramen">
      <item name="Miso Ramen" price="11">
        <ingredients>Miso Paste, Broth, Ramen Noodles, Toppings.</ingredients>
      </item>
      <item name="Tonkotsu Ramen" price="9.95">
        <ingredients>Tonkotsu Broth, Ramen Noodles, Chashu (Braise Pork), Sost Boiled Egg, Green Onions, Menma, Nori (Seaweed).</ingredients>
      </item>
      <item name="Tsukemen" price="9.95">
        <ingredients>Ramen Noodles, Dripping Broth, Toppings.</ingredients>
      </item>
    </category>
    <category name="Specialty">
      <item name="Onigiri" price="15.8">
        <ingredients>Cooked Sushi Rice, Fillings, Umeboshi, Tuna with Mayonaise, Konbu, Cooked and Season Vagetables.</ingredients>
      </item>
      <item name="Tonkatsu" price="12.95">
        <ingredients>Porkcutlets, All purpose Flour, Eggs, Panko Breadcrumbs, Vegetables Oil.</ingredients>
      </item>
    </category>
  </menu>
  <admin>
    <username>admin</username>
    <password>password123</password>
    <menu>
      <category name="New Category">
        <item name="New Item" price="9.99">
          <ingredients>Description of the new item.</ingredients>
        </item>
      </category>
    </menu>
  </admin>
</restaurant>
